"","Personnel.no.","Empl..Appl.Name","Cost.Center"
"1","91069178","Abbitt, Priscilla L","927903"
"2","91418318","Abels, Udo","981231"
"3","91025297","Abrameit, Siegfried","689743"
"4","91584744","Abrol, Sandeep","980222"
"5","91668236","Abrol, Simmi","980240"
"6","91078783","Ackerman, William C","927903"
"7","91104889","Ackerman, William S","927281"
"8","91797673","Acosta, Federico C.","927431"
"9","91043124","Adams Jr., Robert L","927431"
"10","91097502","Adams, Gregory H","927580"
"11","91059928","Adams, Juanita D","927520"
"12","91045220","Adams, Ted L","927277"
"13","91125438","Adeline, Christina M","927581"
"14","91715240","Ader, Daniel J.","927396"
"15","91030478","Aguilar, Danilo O","927903"
"16","91767060","Ahlersmeyer, Joseph D.","927397"
"17","91395137","Aiken, Mary D","927522"
"18","91836118","Alberter, Christopher Michael","927901"
"19","91832873","Alexander, Jeremiah Wayne","927580"
"20","91092204","Alexander, Jerry L","927219"
"21","91031805","Alff, Gerhard","927232"
"22","91452468","Allen, Dale E","981504"
"23","91058420","Allen, Deborah M","927520"
"24","91044819","Allen, Julia","927209"
"25","91909136","Allen, Lane Eugune","927420"
"26","91076464","Allen, Randolph C","927427"
"27","91683878","Allsbrook, Robert D","927901"
"28","91058073","Alston, Brenda Smalls","927205"
"29","91854664","Amaddio, Elizabeth A","980240"
"30","91694405","Amarante, Pedro V.","981798"
"31","91905583","Ambro, Jan","927324"
"32","91914780","Amorim, Alexandre Pimentel de","927364"
"33","91057234","Ancrum, Annette R","927209"
"34","91047736","Ancrum, Sylvia","927219"
"35","91093506","Anderson Jr., Mark","927520"
"36","91314439","Anderson, Gabriele L","689743"
"37","91873507","Anderson, Jamila Janice-Louise","927624"
"38","91042599","Anderson, Jonathan E","927435"
"39","91096004","Anderson, Kim","927580"
"40","91049725","Anderson, William H","927345"
"41","91081813","Andrews, Amber S","927520"
"42","91139986","Anos, Bryn G","927228"
"43","91790061","Antunes-Parente, Manuel","927288"
"44","91832840","Apetz, Patrick Alexander","927580"
"45","91746292","Aquipel, Federico F.","927530"
"46","91118552","Arbogast, Kathy A","927365"
"47","91348929","Archie, Keith Edward","927323"
"48","91836272","Archie, William Lloyd","927302"
"49","91682020","Armstrong, Richard D","927285"
"50","91723016","Arnold, Michael Douglas","927412"
"51","91136186","Arnold, Thomas E","927346"
"52","91717021","Arrowsmith, Ryan","689999"
"53","91886510","Atwood, Brian Michael","927580"
"54","91026777","Austin, Debbie A","927520"
"55","91356081","Avila, Domingo J","927580"
"56","91848559","Avitable, John William","927901"
"57","91750043","Avney, Zohar","927222"
"58","91060435","Bacher, Mark S","980222"
"59","91094836","Backman, Arleen","927580"
"60","91395208","Badgett Jr., John Dexter","689088"
"61","91079041","Badgett Jr., Richard C","927903"
"62","91317551","Bailey, Patricia Ann","927212"
"63","91059152","Bailey, Richard C","981550"
"64","91263626","Baker, Todd R","927520"
"65","91351120","Balde Jr., Oscar G","927323"
"66","91349429","Ball, Shane Winsor","927907"
"67","91112503","Ballenger, John P","927411"
"68","91135864","Banks Jr., James E","927323"
"69","91059991","Bannish, Sheldon J","927283"
"70","91130262","Barba, Jim","927323"
"71","91745335","Barbosa Flores, Jorge","927420"
"72","91219694","Barnett, Bruce Creighton","927277"
"73","91063352","Barr Jr., James E","927321"
"74","91699641","Barr, David J.","927582"
"75","91114725","Barras, John E","927403"
"76","91123939","Basconcillo, Elizabeth","927530"
"77","91261637","Baur, Edgar","980436"
"78","91671492","Baxter, William Harold","927431"
"79","91664254","Bayne, George M","981298"
"80","91040252","Bays, Harry J","927228"
"81","91088736","Bazzle, Matthew R","927228"
"82","91029658","Beam, Scott E","689088"
"83","91082938","Beauford, Kim E","927323"
"84","91668643","Becker, Jeffrey Alan","927901"
"85","91035856","Belagodu, Chithra P.","927580"
"86","91038256","Belagodu, Parthasarathy Subbarayasetty","981525"
"87","91126534","Bell, Charles K","927821"
"88","91092570","Bell, John G","927372"
"89","91402085","Bellamy, Donald","927222"
"90","91248813","Bellinger, Kelvin Keith","927903"
"91","91906782","Bellinger, Sonteeya S","927903"
"92","70172835","Bennett Jr., Henry O","927399"
"93","91076794","Bennett, Priscilla","927223"
"94","91040163","Bennett, Sarah F","927209"
"95","91720937","Berdan, Mark W.","927580"
"96","91097487","Bergen, Steven E","927321"
"97","91688190","Bergmann, Katherine A","927399"
"98","91692986","Bergmann, Marcel","927281"
"99","91890623","Bernard, Ozinder Dewayne","927580"
"100","91294335","Berry, Evette M","927901"
"101","91312850","Bethel, Joseph L","927323"
"102","91260120","Betzhold, Phillip G","927426"
"103","91052881","Bevers, Charles D","927439"
"104","91126758","Binnarr, Elizabeth A","927212"
"105","91349937","Bisceglia, Paul A","927901"
"106","91348000","Bischoff, Arthur J","927287"
"107","91132554","Bischoff, Arthur W","927427"
"108","91125624","Bivens, Sandra F","927288"
"109","91669050","Blair, Frank Jason","927901"
"110","91110195","Blanton, Robert T","927425"
"111","91040966","Bloser, Michael J","980204"
"112","91042287","Blumenberg, Anthony W","927281"
"113","91396083","Bogatkevich, Marion","927903"
"114","91317267","Boggess, Antony John","927520"
"115","91354822","Boggs, Gregory Alan","927427"
"116","91682569","Boggs, Kyle T","980222"
"117","91064164","Bolcato, Aldo","927225"
"118","91055815","Bolin, Charles H","927440"
"119","91716438","Bolton, Marcus T.","927580"
"120","91717989","Bolton, Michael","927580"
"121","91356893","Bolton, Vanessa Elaine","927550"
"122","91263430","Bonaparte, Ivan","927580"
"123","91321145","Bongalonta, Franco P","689088"
"124","91506311","Boone, Joseph D","927396"
"125","91693096","Boring, Michael G.","927409"
"126","91361048","Bourgeois, Deborah Marie","927205"
"127","91404699","Boutchich, Abderrahim","927208"
"128","91418096","Bowers, Daniel Curtis","981231"
"129","91352496","Bowman, Brian Joseph","927228"
"130","91058894","Boyd, Alicia E","927286"
"131","91251657","Boyd, David Franklin","981504"
"132","91347270","Boyd, Thomas L","927283"
"133","91043008","Boyd, William J","927582"
"134","91348466","Bradt, Theodore C","927209"
"135","91109795","Bramlette, Raleigh S","927225"
"136","91074135","Branch, Chester A","927207"
"137","91042553","Branom, James E","927426"
"138","91121888","Brant, Robert K","927520"
"139","91068277","Bravo, Omar","981298"
"140","91119524","Bray, Peter L","927426"
"141","91076455","Breaker, George T","927372"
"142","91095933","Bresch, David A","689088"
"143","91716119","Bridges, David","927323"
"144","91836129","Bright, Matthew Corbin","927302"
"145","91394600","Britt III, Donald","927323"
"146","91124956","Britt, Cathy A","927550"
"147","91117802","Britton, John W","927520"
"148","91355518","Broach, Kenneth Ray","927219"
"149","91362957","Brookshire, James W.","927903"
"150","91912216","Broomfield, James Scott","927301"
"151","91666982","Broughton, James A","927227"
"152","91357115","Broughton, Nehemiah","927323"
"153","91099396","Browder, Kirk J","927286"
"154","91051999","Brown III, Thomas","927580"
"155","91441818","Brown Jr., James E","927580"
"156","91908949","Brown, Adam Brent","927219"
"157","91047978","Brown, Annette D","927581"
"158","91349447","Brown, Brenda Renee","927212"
"159","91049734","Brown, Donna E","980965"
"160","91248840","Brown, Dorothy Tobin","927550"
"161","91248261","Brown, Gary","927550"
"162","91051230","Brown, James L","927324"
"163","91312725","Brown, Lorranine Mayo","980501"
"164","91357179","Brown, Melissa R.","927520"
"165","91028720","Brown, Minnie S.","927223"
"166","91438573","Brown, Oveta D","927580"
"167","91286442","Brown, Ronald","927580"
"168","91040868","Brown, Susan H","927550"
"169","91097897","Brown, Tamara E","927212"
"170","91092552","Brown, Terri M","927903"
"171","91065617","Brown, Tyrone G","927903"
"172","91046924","Brown, Winfield S","927321"
"173","91312217","Brownlee, Michael Jeremy","927550"
"174","91079880","Brownlee, Shelly H","927522"
"175","91724314","Bruenen, Thomas","927414"
"176","91360986","Brumbaugh, Thomas S.","927288"
"177","91669908","Bruno, James A","927205"
"178","91056538","Brunson, Doris H","927580"
"179","91064146","Brunson, Timothy W","927431"
"180","91350808","Bryan, Andrew Sebastion","927346"
"181","91136541","Bryan, Paul L","927901"
"182","91101374","Bryant, Anthony K","927281"
"183","91033242","Bubel, Christoph","927277"
"184","91059517","Bucholtz, Debora E","927207"
"185","91728329","Buhr, Kai Carsten","927228"
"186","91047647","Bunch, James E","927550"
"187","91099804","Bunch, Nettie M","927323"
"188","91067991","Burbage, Harley H","927286"
"189","91077123","Burbage, Jerry M","927374"
"190","91051267","Burbage, Roger D","927365"
"191","91039022","Burchett, Dwayne A","927323"
"192","91428110","Burgan, Nicholas","981231"
"193","91919487","Burgeson, Ryan J","927303"
"194","91033732","Burkett, Lloyd G","927222"
"195","91118473","Burnell, John","927905"
"196","91088727","Burns, Gabriel A","927520"
"197","91687046","Busche, John F","927431"
"198","91078355","Bussinah, David P","927362"
"199","91314536","Butler, Jacqueline Renee","927207"
"200","91355260","Butler, Reginald Glenn","927228"
"201","91312235","Butler, Richard O.","927281"
"202","91318907","Butterfield, Harry James","927424"
"203","91446751","Byberg, Kimberly E","927395"
"204","91250970","Byrd, Karla Ann","927225"
"205","91405368","Cabarroguis, Ralp C","927901"
"206","91861990","Cahill, William H","927903"
"207","91648216","Cain, Jonathan M","927320"
"208","91031431","Calabrese, Michael J","980954"
"209","91745522","Callahan, Allen H","927520"
"210","91292701","Callen, Michael J.","927277"
"211","91816527","Calles, Lee","980012"
"212","91068801","Campbell, Bryan R","927821"
"213","91671283","Campbell, Dylan C","927302"
"214","91911754","Campbell, Joshua Logan","927301"
"215","91890689","Camper, Dionne L","927580"
"216","91036515","Camposanto, Ruth S","927520"
"217","91042928","Canaday, Rodney J","927581"
"218","91901469","Canelo, Fernando Alberto","927580"
"219","91114752","Cannon, Rodella","927287"
"220","91313644","Cannon, William Sherman","927323"
"221","91694801","Cantor, Ivan Camilo","981504"
"222","91054969","Capers, Sean I","927323"
"223","91036917","Capshaw, Bradley D","927903"
"224","91394593","Caranto, Romeo Frias","927970"
"225","91834820","Carlson, Kevin Alexander","927901"
"226","91693107","Carlton, Caleb C.","927580"
"227","91848515","Carlton, Carrington Christian","927580"
"228","91079700","Carlton, LeaAnne Reinink","927520"
"229","91128131","Carlton, Paul E","927228"
"230","91052211","Carmical, Denise H","710669"
"231","91136131","Carmichael, Scott W","927905"
"232","91054200","Carney, Steven A","927366"
"233","91355279","Carpenter, Sara Elizabeth","927343"
"234","91118179","Carr, Todd D","927530"
"235","91716229","Carraway, Joshua","927903"
"236","91058652","Carrion, Jehu R","927372"
"237","91058055","Carroll, David S","927550"
"238","91089628","Carter, James","981525"
"239","91064128","Carter, Ronald L","927228"
"240","91096335","Cato, Donna M","927531"
"241","91053103","Caulder, Francis R","927440"
"242","91097414","Cercopely III, Eugene F","927580"
"243","91127178","Cermola, Derick A","927323"
"244","91352398","Cervantes, Arturo","689088"
"245","91916110","Cevdar, Douglas G","927347"
"246","91682910","Chameroy Jr., Ronald E","927901"
"247","91072137","Chandler, Chris J","927323"
"248","91076446","Chandler, Deborah G","927323"
"249","91829947","Chen, Ying","980222"
"250","91721135","Chest, Terri","927580"
"251","91315633","Childress II, Lance Gene","927903"
"252","91120344","Childress, Karen M","927207"
"253","91831696","Chisolm-Cox, Adrienne J","927580"
"254","91068302","Chong, Hon Henn","927366"
"255","91107243","Christiansen, Mark A","927326"
"256","91355705","Christopher Jr., Francis R.C.","927901"
"257","91695395","Cipkala, Stephen Colton","927228"
"258","91927880","Cirelli, Philip William","927303"
"259","91126240","Clark, Anita L","927581"
"260","91686881","Clark, Carl J","927338"
"261","91263412","Clark, Christopher","927323"
"262","91673110","Clark, Douglas A","927903"
"263","91352334","Clark, Elton J","927901"
"264","91070004","Clarke, Myron E","927209"
"265","91356697","Clawson, Nikia J.","927205"
"266","91029765","Clayborn, John E","927559"
"267","91053531","Clifton, Randy G","927432"
"268","91043561","Closson, Charles E","927426"
"269","91046256","Closson, Robin L","927403"
"270","91074484","Coaxum, Susan V","927901"
"271","91045818","Cockerham, Keenan L","981525"
"272","91318373","Cogley, Cynthia L.","927901"
"273","91106379","Cogley, Steven D","927580"
"274","91082983","Coker, Janet Marie","927580"
"275","91117786","Colbert, Daniel J","927286"
"276","91669842","Coleman, Jared L","927905"
"277","91931015","Coll-Cermeno, Nelson","927303"
"278","91316874","Collette, Rosalinda B","927225"
"279","91746259","Colley, Brian","927580"
"280","91689830","Colley, Charles V","927522"
"281","91669930","Colley, Michael G","927347"
"282","91138843","Collins, John C","927580"
"283","91315018","Colon, Donald S","927323"
"284","91095238","Condron, John F","927212"
"285","91118339","Connolly, Jody L","927624"
"286","91049896","Conover Jr., Edward R","927283"
"287","91138932","Contreraz, Richard R","927277"
"288","91045925","Cook, Doris D","927281"
"289","91049823","Coomes, Karen D","927821"
"290","91057261","Cooper, Mamie Y","927227"
"291","91035231","Corcoran, Justin R","927559"
"292","91695494","Corso, Blaise D.","927434"
"293","91084106","Cote, Shawn W","981798"
"294","91836294","Coulliette, Brent Adam","927302"
"295","91051622","Coulter, Barry L","927219"
"296","91120406","Cousar, Dwayne E","927207"
"297","91141492","Cowen Jr., Norredden Gene","689743"
"298","91896871","Craig, Christina Michelle","927364"
"299","91098645","Cramer, Virginia P","927232"
"300","91312280","Craven, Dwight Patrick","927903"
"301","91294004","Craven, Kimberly Alice","927323"
"302","91121487","Craven, Stephen K","927285"
"303","91050516","Crawford, Stephen B","927323"
"304","91097469","Creel, Leon C","927903"
"305","91088718","Creel, Roy Jeffrey","927207"
"306","91308348","Creel, Toby","927219"
"307","91745159","Cretella, Vincent A.","927520"
"308","91052168","Crews, John C","980206"
"309","91139557","Crocker, Danny","927903"
"310","91056912","Cromwell, Janie L","927285"
"311","91074126","Crosby, Brenda P","927581"
"312","91249803","Crosby, Debra Ann","927323"
"313","91124260","Crum, Angelo","927412"
"314","91085686","Culver, Jason W","927486"
"315","91083376","Cumbee, Joseph A","927209"
"316","91809234","Cumbie, Susan","710670"
"317","91418498","Cummings, Adriann S.","927211"
"318","91356483","Cummings, Julius Tyrone","927550"
"319","91131877","Cundiff, Jerry L","927550"
"320","91418470","Curl, Joseph N.","689088"
"321","91365516","Curry, Lavonna","927323"
"322","91136177","Curry, Philip D","927277"
"323","91051301","Cutrell, Michael L","927624"
"324","91040038","Cutright, Edwin L","927439"
"325","91395422","Cuvin, Fernando N.","927225"
"326","91365473","Cyr, Daniel J","710669"
"327","91135230","Czechowicz, Bruce A","927323"
"328","91616822","Czwazka, Melissa F","980215"
"329","91050749","D'Aguiar, Thomas E","927324"
"330","91356679","Dais, Tyrone Cavon","927323"
"331","91207340","Daley, Chad","927903"
"332","91030058","Daly, Derwin C","927208"
"333","91066493","Daly, Pamela T","927901"
"334","91377941","Damanti, Louis F","981231"
"335","91041625","D'Amato, Robert","689999"
"336","91048129","Daniels, Paul R","981231"
"337","91317338","Danila, Efren Navarro","927208"
"338","91362528","Danila, Jorge G","927222"
"339","91682613","Danque, Scott E","927431"
"340","91102060","Dantzler, Kevin","927424"
"341","91102079","Dantzler, Loretta","710669"
"342","91910280","Davenport, Henry Thomas","927520"
"343","91049208","Davidson, Carol M","927211"
"344","91052346","Davidson, Charles D","981231"
"345","91125358","Davis Jr., Elbert L","927219"
"346","91313412","Davis, Barrett Carlton","927550"
"347","91352744","Davis, Barry C","927209"
"348","91075697","Davis, Cherry D","927209"
"349","91119999","Davis, Cynthia A","927225"
"350","91321127","Davis, Ellen Ann","927397"
"351","91057617","Davis, Frances M","927580"
"352","91927891","Davis, Horace Randle","927303"
"353","91057699","Davis, Jerome T","927281"
"354","91101347","Davis, Richard L","927520"
"355","91034198","Davis, Scott J","927434"
"356","91111513","Davis, Stevenson B","927228"
"357","91831322","Davis, Susan F","927580"
"358","91419512","Davis, Tamara M","927580"
"359","91065644","Davis, Trent A","927520"
"360","91668830","de la Pena, Patrick Alan","927365"
"361","91065671","Deal, Stephen C","927821"
"362","91698893","Dean, Tiffany T.","927580"
"363","91264554","Deaner, Jason","927437"
"364","91048904","Deas, Paula Michelle","927978"
"365","91045569","Defreese, Patricia B","927228"
"366","91140108","Defreese, William D","927281"
"367","91059198","Delesline, Mary A","927580"
"368","91308311","Delesline, Sandra E","927520"
"369","91796606","Delfino Da Rosa, Ana Paula","927365"
"370","91896850","Delmas Jr., Claude Raymond","927303"
"371","91059740","Delph Jr., James E","927228"
"372","91439162","DelToro, Meschelle L","927285"
"373","91047415","Deluca, Maria","980222"
"374","91047335","DeMario, Kathaleen M","927624"
"375","91079096","Dennis, Charles W","927362"
"376","91080235","Dennis, David B","927530"
"377","91250462","Dennis, Maxine C","927225"
"378","91132055","Dent, Billy J","927486"
"379","91693074","Denton, Joseph D.","927520"
"380","91028631","Desanto, Michael S","927580"
"381","91314518","DeSilva, Alex A","927205"
"382","91395299","DeSousa, Alexander P.","927903"
"383","91033377","Dessaure, Roland K","927434"
"384","91075250","Devaun, Ricky D","927410"
"385","91127061","Deveaux, Matthew W","927903"
"386","91139691","Devera, Romeo D","927530"
"387","91930861","DeWitt, Jennie Marie","927349"
"388","91122574","Dewitt, Johnny S","927426"
"389","91716427","Deziel Sr., Robert J.","927580"
"390","91026580","Dieden, James R","927225"
"391","91917133","Diehl, Brian Clifton","927303"
"392","91774639","Dietz, Sven","927285"
"393","91710377","Diggs, Delbert Adam","927338"
"394","91058812","Dingle, Anthony","927582"
"395","91048290","Dingle, Ivory","927821"
"396","91402094","Dixon, James P","927580"
"397","91050632","Doan, Vu A","927580"
"398","91084464","Doby, Constance Melissa","927225"
"399","91365339","Doddington, Everitt Emery","981231"
"400","91691182","Dodrill, John J","927207"
"401","91925647","Doggart, Oliver","981231"
"402","91911765","Doliber, Joshua Lawrence","927301"
"403","91032500","Donnelly, James P","927414"
"404","91055708","Dorn, Douglas H","927435"
"405","91115715","Dorneanu, Daniel D","927277"
"406","91220370","Dorneanu, Elizabeth Blair","927399"
"407","91082153","Doughty, Sonia C","927219"
"408","91912205","Downing, Derek Nathan","927301"
"409","91067955","Drayton, Marvus R","927426"
"410","91061078","Drennon Jr., Donald","927431"
"411","91688201","Driggers, Melissa Ann","927343"
"412","91352030","Driggers, Patricia Ann","927550"
"413","91085285","Dropp, Tammy J","927486"
"414","91043464","Dubis II, Frank Michael","927439"
"415","91688740","Ducote, Westley Paul","927205"
"416","91054022","Duke, Stephen C","927625"
"417","91127659","Dunbar, Scott","927901"
"418","91084017","Duncan, Charles R","927411"
"419","91448116","Duncan, Janice","927901"
"420","91042660","Dunn, Brian","927281"
"421","91029970","Dunn, Connie Annis","927219"
"422","91136710","Dunn, David T","927283"
"423","91113245","Dunn, Mary L","927582"
"424","91062674","Dunn, William R","927283"
"425","91314359","Duran, Janet J","927323"
"426","91506295","Durham, John","927367"
"427","91362252","Durham, Matthew P","927331"
"428","91721905","Durham, Nathan","927901"
"429","91122896","Dycus, John D","927331"
"430","91416837","Dyer, Denise S","927550"
"431","91716218","Dykema, Craig William","927901"
"432","91123975","Dykema, Jeff C","927433"
"433","91722598","Earnshaw, James","927412"
"434","91890690","Eason, Sylvia Giesela","927580"
"435","91720970","Eastwood, Aaron S.","927520"
"436","91140420","Eay, Marylene E","927205"
"437","91360806","Ecker, Dieter","927287"
"438","91666080","Edens, Robert R","689743"
"439","91046602","Edlmann, Wolfgang D","927559"
"440","91687057","Edmond Jr., Royal C","927224"
"441","91138576","Edwards, Bret D","927580"
"442","91059606","Edwards, Dj","927581"
"443","91394361","Edwards, Tarus J.","927323"
"444","91694273","Eich, Trevor William","927901"
"445","91730265","Ellenburg, Lloyd V.","927520"
"446","91097860","Elliott, Matthew D","927431"
"447","91836338","Elliott, Samantha Eileen","927903"
"448","91126561","Elrod, Clark M","927225"
"449","91320930","Elsey, Brad Andrew","927520"
"450","91080217","Ely, Steven G","927428"
"451","91724358","Ely, Steven Joseph","927905"
"452","91051855","Erbskorn, Michael","927326"
"453","91682547","Erfurt, Harold C","927431"
"454","91710784","Erickson, Christopher Todd","927411"
"455","91397091","Espinosa, Rio E","927323"
"456","91067839","Essex, Janine D","980955"
"457","91025885","Estes, Carinda S","927580"
"458","91115706","Estes, Larry J","927520"
"459","91126286","Eubanks, Edmond D","927323"
"460","91061899","Eutsler, Mark D","927638"
"461","91721927","Evans, Amara","927520"
"462","91261192","Evans, Dacia C","927520"
"463","91045612","Evans, Jerry D","927559"
"464","91361057","Evans, Kimberly D","927440"
"465","91047077","Evans, Timothy A","927365"
"466","91422562","Everette, Brian A","927283"
"467","91357419","Ewing, Diana M.","927558"
"468","91096736","Failey, Antonio","927625"
"469","70149988","Fairey, Wayne T","927322"
"470","91077132","Fargo, Tammy D","927225"
"471","91064182","Fasciano, Alicia M","927802"
"472","91710355","Fayall, Lillian","927978"
"473","91064422","Feagin, Jeanette Rosine","927520"
"474","91026937","Feagin, Ronnie M","927232"
"475","91107911","Federer Jr., John I","927331"
"476","91700939","Fegely, Jay C.","927520"
"477","91080618","Feltner, James C","927347"
"478","91306670","Ferguson, Maurice A","927323"
"479","91836184","Fernandez, Louis Joseph","927302"
"480","91790204","Ferreira, Dilmar","927281"
"481","91248902","Ferrell, Gareth","927433"
"482","91048334","Fields, Robin S","980528"
"483","91083615","Finley, Daniel M","927580"
"484","91077114","Fischer, Otis C","927225"
"485","91073136","Fisher, Andrew","689743"
"486","91082643","Fisher, James P","927520"
"487","91046862","Fisher, Jim R","927582"
"488","91127560","Fisher, Rodney G","927580"
"489","91314037","Fleischman, Edwin David","927520"
"490","91218926","Flood, James H","980954"
"491","91349946","Flores, Silvia Theresia","980206"
"492","91125580","Flotildes, Alberto O","927580"
"493","91094818","Fludd, Valarie R","927219"
"494","91037612","Fones, James M","927580"
"495","91287218","Forbes, Stefan O.","689999"
"496","91049182","Foulds, Robert S","927901"
"497","91248742","Fowler, Donald","927225"
"498","91124457","Fowler, James W","927580"
"499","91745137","Fowler, Tyler Allen","927225"
"500","91293997","Fox, Bobbie S","927580"
"501","91355055","Fox, Curtis D","927207"
"502","91114342","Foxworth, Laurel Oseffa","927580"
"503","91663902","Frain, William A","927367"
"504","91668214","Franke, Harriet H","710669"
"505","91306741","Frazier, Harriet M","927580"
"506","91115136","Frazier, Michael","927228"
"507","91249135","Frazier, Paula L","927558"
"508","91042349","Freeman, Chad W","927338"
"509","91912227","Freeman, Christopher Lee","927301"
"510","91926989","Friedman, Shawn Robert","980436"
"511","91360726","Friendly, Wanda L.","927901"
"512","91922017","Fuhrmann, Rouven","689743"
"513","91893736","Fulcomer, Lisa Marie","927905"
"514","91659766","Fulghum, Christopher K","927364"
"515","91836350","Fuller II, Richard Marlowe","927302"
"516","91071833","Fuller, Wallace","927219"
"517","91746160","Fullero, Ferdinand M.","927979"
"518","91746370","Furmanski, Ross Anthony","927323"
"519","91100990","Gaddist, Kelly L","927323"
"520","91845534","Gadsden, Nataysha S","927903"
"521","91314368","Gailes, Roberta Davis","927323"
"522","91209099","Gallo, Steven","980424"
"523","91050035","Galloway, Karen C","927288"
"524","91077588","Gambrell Jr., Floyd","927903"
"525","91046522","Gantt, Christa","927426"
"526","91699652","Garbarini, Philip M.","927580"
"527","91035552","Gardner, Jared S","689743"
"528","91121879","Garvin, Bernard L","927971"
"529","91112068","Garvin, Betty C","927219"
"530","91034321","Gast, Eileen","927324"
"531","91118936","Gast, Gerrit J","981247"
"532","91056805","Gathers, Barbara A","927581"
"533","91079069","Geddis, Karleen Backman","927580"
"534","91032546","Gehring, Andreas","927228"
"535","91030129","Gerlack, Robert S","927903"
"536","91040109","Gibson, Tamara K","980222"
"537","91359211","Giefer, Brett","981231"
"538","91294825","Gillespie, Robert Gill","927901"
"539","91084856","Gillespie, Rodney","927288"
"540","91092829","Gilliard, Margaret","927580"
"541","91313029","Givens, Janice Rodenia","927520"
"542","91688157","Gizmen, John","927550"
"543","91331385","Glenn, Carlisle C","927580"
"544","91102417","Glover, Derrick P","927209"
"545","91418005","Glover, Justin L","927580"
"546","91050614","Glover, Ray A","927207"
"547","91043268","Gnade, Carole A","981231"
"548","91068222","Gnade, Matthias","981504"
"549","91217124","Godbout, Neil","981798"
"550","91684923","Goethe, Justin R","927324"
"551","91033778","Goettsches, Ralf R","927625"
"552","91706219","Gonzalez-Bernal, Javier","927367"
"553","91031299","Goodall, Clifton","927580"
"554","91117740","Goode, Cynthia D","980206"
"555","91044702","Gooding, Willard","927903"
"556","91037818","Goodman, Phillip D","927414"
"557","91041260","Goodwin, Lacy G","927550"
"558","91056985","Goodwine, Raymond B","927409"
"559","91068650","Gordon, Kenneth A","927364"
"560","91304967","Gordon, Sean Robert","927209"
"561","91666542","Goto, Pedro Tetsuo","927366"
"562","91907156","Gowin, Adam Bradley","927277"
"563","91131966","Goyack, Brian K","980424"
"564","91129988","Graber, Billy","927580"
"565","91039433","Grady, Claudia","927581"
"566","91132180","Graffunder, James A","927323"
"567","91052809","Grafmann, Olav","689743"
"568","91058849","Graham, Cecelia C","927550"
"569","91055520","Graham, Daniel J","981504"
"570","91836371","Grant, Brennen Michael","927302"
"571","91286479","Grant, Chris","927225"
"572","91029685","Grant, Cynthia B","927287"
"573","91293979","Grant, Johnny","927225"
"574","91352726","Grant, Vielka R","927901"
"575","91141928","Gratz, Todd K","980204"
"576","91066224","Grauzas, Kenneth Paul","710669"
"577","91115243","Graviett, Bonny","927426"
"578","91703700","Greco, Nathan Carl","927903"
"579","91912161","Green Jr., Kenneth Nathan","927301"
"580","91059134","Green, Arthur H","927903"
"581","91344031","Green, Brenda L","927285"
"582","91125875","Green, Clinton A","927580"
"583","91911677","Green, David A","927301"
"584","91063049","Green, Frederick","927323"
"585","91664881","Green, Gerald T","927222"
"586","91126259","Green, James M","927410"
"587","91092838","Green, Juanita M","927224"
"588","91062638","Green, Kenneth L","927520"
"589","91835766","Green, Maurice Leroy","927212"
"590","91356688","Green, Percetia L.","927550"
"591","91138718","Green, Quintin I","927580"
"592","91126605","Green, Raphael G","927530"
"593","91745313","Green, Russell Brooks","927903"
"594","91355527","Green, Samone Aityea","927904"
"595","91862001","Green, Tiffany F","927903"
"596","91745390","Greene, Blayre R.","927520"
"597","91445841","Greene, Erica R.","927580"
"598","91719518","Greene, Joseph Matthew","927431"
"599","91037541","Grego, Randy C","980965"
"600","91045346","Grice, Kathy A","927205"
"601","91073788","Griffin, Fred A","927232"
"602","91051542","Griffin, Phyllis M","927801"
"603","91307937","Grimes, Tamika Tamara","927580"
"604","91890821","Grimm, Brian Curtis","927580"
"605","91921973","Gruszczinski, Dana Maureen","927420"
"606","91693657","Gueclue, Muhammet","927367"
"607","91709662","Gullberg, Brian Michael","927225"
"608","91917386","Gunter, Manda Leigh","927396"
"609","91361137","Guo, James","981231"
"610","91863156","Guske, Christian","927821"
"611","91450308","Gustilo, Joeprim G","927223"
"612","91731761","Guthzeit, Karl","927580"
"613","91589339","Gutter, Curtis James","689999"
"614","91051677","Guyton, Lloyd O","927520"
"615","91101409","Haaf, Cathy J","927397"
"616","91052300","Haaf, Stefan","927426"
"617","91029603","Haeussler, Frank","927901"
"618","91343407","Hagan, Flocine H","927580"
"619","91031707","Halbig, David M","981504"
"620","91689081","Hale, Heather H","927225"
"621","91031789","Halek, Joseph J","927584"
"622","91687970","Hales, Michael Earl","927437"
"623","91307553","Hall, Carolyn Denise","927550"
"624","91038112","Hall, Luretha P","927236"
"625","91046176","Hall, Morris G","927367"
"626","91069828","Hallex Jr., Bruce E","927907"
"627","91092605","Halls, Ralphine J","927580"
"628","91097851","Haman, Patrick A","927212"
"629","91029051","Hamblin, Russell M","927901"
"630","91135631","Hamilton Jr., Thomas","927903"
"631","91378236","Hamilton, Camille","927346"
"632","91445501","Hamilton, Shakira K","927205"
"633","91259908","Hammond, Foster","927323"
"634","91105147","Hancock, Jerry W","927901"
"635","91836130","Hannah, Christopher Terry","927302"
"636","91394940","Harbeson, Kathy K.","927349"
"637","91692997","Hardee, James A.","927219"
"638","91101766","Hardwick, Jack G","927580"
"639","91097012","Harmon, Richard C","927236"
"640","91886465","Harper, Jeffrey Paul","927580"
"641","91911710","Harper, Jonathan Carroll","927301"
"642","91356045","Harrell, Jacqueline L","927323"
"643","91050044","Harring, Michael D","927397"
"644","91097879","Harrison Jr., Timothy","927208"
"645","91029195","Harrison, Patricia L","927219"
"646","91116215","Hart, Ivan P","927281"
"647","91839506","Hartlage Jr., Steven J","927228"
"648","91365464","Hartlage, Irene M","927323"
"649","91035197","Hartle, Joseph Lynn","927425"
"650","91912910","Hartman, Michael David","927367"
"651","91056949","Hartwell, Brenda","927530"
"652","91347993","Harwell, Walter E","927901"
"653","91049761","Haselden, Gregory K","927426"
"654","91098636","Haskell, Corey A","927520"
"655","91079078","Haskell, Tommeko S","927285"
"656","91069212","Hastings, Michael T","927451"
"657","91666058","Hathaway, Brandon Harris","927320"
"658","91419157","Haught, Joana M","927323"
"659","91344022","Hawkins, Robin Nicole","927223"
"660","91083385","Hawkins, Vincent S","927323"
"661","91049440","Hay Jr., William C","927331"
"662","91664903","Hayes, James W","927211"
"663","91138353","Hayes, Martin J","927349"
"664","91132698","Hayes, Matthew L","927219"
"665","91117394","Haynes, Della M","927205"
"666","91077551","Haynes, Ricky","927281"
"667","91045998","Haynes, Sidney L","927323"
"668","91135622","Haynes, Timothy","927428"
"669","91047683","Haynsworth, Stephen A","927349"
"670","91693140","Head, Richard R.","927205"
"671","91790149","Heide, Eicke","927281"
"672","91754256","Heil, Rene","927277"
"673","91028908","Heilig, William F","927580"
"674","91122164","Hellberger, Wolfram","927368"
"675","91085427","Helsel, Todd W","689743"
"676","91050927","Hemphill, Jeffrey E","927433"
"677","91141937","Hendricks, Jamal","927530"
"678","91365623","Hennen, Betsy J","927323"
"679","91048628","Henning, Joerg","710670"
"680","91912183","Henry, David Allen","927301"
"681","91097398","Henry, Joel Arthur","980206"
"682","91122217","Henson, Nicholas D","927901"
"683","91115485","Hernandez, Jeremy B","927228"
"684","91688234","Herndon, David E","927437"
"685","91086417","Herndon, Kevin P","927321"
"686","91090974","Herrera, Arnold F","927522"
"687","91262930","Hewitt, Michael A","927901"
"688","91057243","Heyward, Edna M","927281"
"689","91262903","Hichman, Abraham","927580"
"690","91646291","Hickey, Jeff A.","927323"
"691","91045328","Hiers, John A","927624"
"692","91721993","Hihn, Michael","927225"
"693","91347449","Hilbert, Belinda H","927209"
"694","91745380","Hilbert, Matthew Steven","927903"
"695","91716614","Hill, Christine Lynn","927550"
"696","91890645","Hill, Cody Tyler","927580"
"697","91333196","Hill, Jason C.","980954"
"698","91058448","Hill, Jerry L","927426"
"699","91260530","Hill, Kim R","927550"
"700","91059116","Hill, Rickey W","927321"
"701","91064556","Hill, Susann L","927225"
"702","91582121","Hilty, Catherine J. S.","927368"
"703","91057500","Hinson, Dean Edward","980965"
"704","91306509","Hinton, Kristy Lee","927323"
"705","91095247","Hiott, Steven L","927424"
"706","91097021","Hobley, Patricia A","927228"
"707","91058885","Hodge, Brenda J","927283"
"708","91095274","Hodges, Doris J","927531"
"709","91126847","Hodges, Jimmy","927414"
"710","91289751","Hodgkins, Wayne T","927433"
"711","91140411","Hofesmann, Peter L","927903"
"712","91811269","Hoffmann, Carsten","927228"
"713","91836140","Hogan, Matthew Joseph","927302"
"714","91050874","Hogan, Patrick J","927224"
"715","91104059","Hogg, Paul B","927901"
"716","91117642","Hollahan, Jesse E","927439"
"717","91045248","Hollar, Christopher J","980222"
"718","91349465","Holleman III, Joseph S","927219"
"719","91688707","Holler, Drew A","927431"
"720","91077917","Holliday, Andrew C","927580"
"721","91369530","Holloway, Daniel S","927580"
"722","91052097","Holmes Jr., William H","927393"
"723","91843610","Holmes, Larry R","927901"
"724","91294996","Holmes, Raymond","927550"
"725","91129274","Honaker, Michael P","927582"
"726","91103675","Hood, Cynthia M","927283"
"727","91058457","Hopkins, Cheryl V","927281"
"728","91037391","Hoppes, David W","980964"
"729","91376746","Horan, Matthew","689999"
"730","91138727","Horner, Kenneth","927901"
"731","91261165","Horry, Clinton","927530"
"732","91117027","Horry, Djuana Pittman","927211"
"733","91083349","Horry, James V","927903"
"734","91746215","Horry, William Paul","927580"
"735","91050188","Horst, Kurt F","980012"
"736","91064173","Hortman, William C","927411"
"737","91048165","Houge, Sherrie C","927801"
"738","91745401","Howard, Jason P","927580"
"739","91439661","Howard, Neil","980204"
"740","91095942","Howe, Richard T","927420"
"741","91115886","Howell, Anthony G","927903"
"742","91731827","Howell, Joseph M.","927901"
"743","91056565","Howell, Lois L","927581"
"744","91666003","Hower, Schelly L","927432"
"745","91746303","Hoyte, Cameron Paul","927903"
"746","91070433","Hrodey, Mark Allen","689088"
"747","91890832","Huddas, Tyler Joseph","927580"
"748","91127347","Hudgins, James R","927225"
"749","91102024","Hudson, Edward S","927410"
"750","91926153","Hudson, Jonathan Taylor","927303"
"751","91113931","Huff Jr., Lionel","927428"
"752","91110667","Huff, Carl F","927326"
"753","91096317","Huggins, Marc K","927625"
"754","91353262","Huggins, Stacy","927323"
"755","91110202","Hughes, Clarence E","927530"
"756","91074475","Hulett, Joyce A","980206"
"757","91652770","Hull, Dianne Sandra","927440"
"758","91058028","Hull, George F","927580"
"759","91718011","Hunt, Keith A.","927223"
"760","91319112","Hunter, Gary T","927414"
"761","91693019","Hunter, Jonathan Patrick","927424"
"762","91355064","Hutchinson, Hezekiah E","927287"
"763","91045122","Hutto Jr., James W","927431"
"764","91438911","Huynh, Dung Minh","927409"
"765","91423231","Ingels, Matthew S","927367"
"766","91063806","Ingle, Steven P","927209"
"767","91504634","Ireland, Roland R","927412"
"768","91083624","Isgette Jr., George E","927410"
"769","91352352","Jackson, Deborah M","927323"
"770","91219685","Jackson, Robert Howard","980206"
"771","91036908","Jackson, Robert J","981231"
"772","91890854","Jackson, Shanette Renee","927580"
"773","91026660","Jacob, John L","927205"
"774","91351870","Jahn, Michael Todd","980222"
"775","91056253","James Jr., Carl W","927903"
"776","91099341","Jamison, Linda M","927209"
"777","91406125","Jant, Walter L.","927903"
"778","91051588","Jeffcoat, William Craig","927903"
"779","91417417","Jenkins, Benjamin James","927530"
"780","91079862","Jenkins, Cheryl M","927901"
"781","91079434","Jenkins, Clifford","927582"
"782","91307955","Jenkins, Donnie Gwen","927219"
"783","91910225","Jenkins, Gary Patrick","927397"
"784","91835755","Jenkins, Jeffery Bobby","927390"
"785","91030780","Jenkins, Jennifer B","927225"
"786","91312253","Jenkins, Marcus A.","927582"
"787","91347975","Jenkins, Natalyn A","927580"
"788","91408445","Jenkins, Patricia J","927520"
"789","91775981","Jenkins, Tony N.","980191"
"790","91079087","Jenkins, Willard S","927905"
"791","91836646","Jenness, Alicia L","927580"
"792","91663880","Jennings, David R","927338"
"793","91248733","Jennings, Lawrence","927323"
"794","91118160","Jiles, Alexine","927580"
"795","91116858","Jimenez, James A","980424"
"796","91070362","Johanek, Brian L","981231"
"797","91097478","Johnson Jr., Charlie","927581"
"798","91072967","Johnson Jr., James L","927580"
"799","91112086","Johnson Jr., Paul","927520"
"800","91071575","Johnson, Alicesteen S","927903"
"801","91714425","Johnson, Antoine E.","927580"
"802","91417514","Johnson, Ashley N","927903"
"803","91068133","Johnson, Brett W","927901"
"804","91028481","Johnson, Darryl W","927286"
"805","91138816","Johnson, Glenn L","927580"
"806","91095595","Johnson, James L","927228"
"807","91076017","Johnson, Kathy A","927440"
"808","91081092","Johnson, Kenny E","927225"
"809","91075269","Johnson, Michael R","927901"
"810","91066064","Johnson, Olin R","927228"
"811","91073840","Johnson, Redgey","927903"
"812","91396966","Johnson, Rosabell H","927580"
"813","91395164","Johnston, Billy Wayne","927207"
"814","91048879","Johnston, Robert M","927409"
"815","91131939","Jones, Albert E","927321"
"816","91042777","Jones, Bradford P","927434"
"817","91055441","Jones, Jeffrey B","927409"
"818","91142641","Jones, John","710669"
"819","91925086","Jones, Latonia Denise","927349"
"820","91746150","Jones, Robert Lewis","927581"
"821","91026508","Jordan, Michael J","927420"
"822","91139897","Josselyn, Alan C","927531"
"823","91139566","Josselyn, Brian","927288"
"824","91044230","Judge, Jacquetta","927288"
"825","91140439","Julio, Edwin R","927205"
"826","91106716","Julio, Rosemarie M","927520"
"827","91042688","June, Elizabeth A","927970"
"828","91042722","Justice, Melissa C","927277"
"829","91119490","Kaelber, Joerg M","981798"
"830","91051098","Kaiser, Rene","981231"
"831","91032653","Kajdasz, Stanley M","927439"
"832","91825646","Kalb, Rudolf","927520"
"833","91682052","Kapaska, Colin A","927530"
"834","91093061","Karasch, Norman B","927433"
"835","91439723","Kasper, Christoph","980204"
"836","91083330","Kasten, K Alan","927581"
"837","91698156","Kazda, James T.","927550"
"838","91694383","Kazda, Jarrod T.","927324"
"839","91382221","Kearney, Norbert","981231"
"840","91342275","Kearse, Mark C","927580"
"841","91450585","Kebede, Arega","927277"
"842","91100561","Keen, Michael R","927281"
"843","91043348","Keith, Varn E","927486"
"844","91901183","Keitt, Nathaniel","927580"
"845","91065341","Kemmerlin, Michael P","927424"
"846","91113995","Kennedy, Patrick B","927212"
"847","91084419","Ker, Kalyann","927425"
"848","91260095","Kessing, Christiana D","927903"
"849","91446118","Ketchens Jr., Edward F","927821"
"850","91066439","Ketchens, Marilyn","927205"
"851","91029480","Kiefer, Wolfgang","927903"
"852","91341356","Kienle, Carl Hunter","927426"
"853","91319185","Kilian, Jarno","927277"
"854","91136578","Killion, Reba J","927979"
"855","91260692","Kincaid, David C","927225"
"856","91118482","King, Brenda K","927580"
"857","91028962","King, Brian P","927427"
"858","91085659","King, Jonathan A","927283"
"859","91911479","King, Mitchell Colt","927301"
"860","91074812","King, Sandford S","927428"
"861","91906936","King, Stacy Allison","710669"
"862","91139735","King, Steven D","927431"
"863","91047512","King-Goodman, Adrienne O","927323"
"864","91746281","Kinser, Jeff Daniel","927520"
"865","91352325","Kirby, Kory R","927205"
"866","91109777","Kirby, William T","927228"
"867","91718033","Kirkland, Erin E.","927426"
"868","91097067","Kithcart, Monty E","927580"
"869","91911743","Kitzmann, Jeremy Ruben Quentin","927301"
"870","91139085","Kline, Mark W","927550"
"871","91726591","Kluge, Steven","927901"
"872","91096772","Knight III, Luther","927901"
"873","91117018","Knight, Debbie A","927580"
"874","91086033","Knight, Gina M","927550"
"875","70089276","Knoll, Guenter","927228"
"876","91920840","Knox, Stephen Paul","927303"
"877","91445850","Knuteson, Matthew T","927903"
"878","91376915","Kodama, Brian K.","710669"
"879","91691798","Konen, Patrick E","927520"
"880","91027160","Korngiebel, David H","927580"
"881","91919454","Kovach, Adam C","927303"
"882","91247066","Kraft, Regine","981231"
"883","91039816","Kramer, Mark W","927439"
"884","91053684","Krause, Jon W","927399"
"885","91265973","Kremser, Stefan M.","927343"
"886","91745610","Kreps, Paul J.","927904"
"887","91033457","Krueck, Ruediger","927277"
"888","91081378","Kubik, Leland Kevin","927903"
"889","91286674","Kuchma-Oliver, Jennifer Ann","927437"
"890","91830244","Kuhlmann, Kai Karsten","927277"
"891","91131902","Kuhn, Brian S","927520"
"892","91040216","Kurko, Ruth Ann","927901"
"893","91349152","Kurkowski, Brandon C","927580"
"894","91911699","Laguitao, Almabeth MasanQue","927301"
"895","91140377","Laguitao, Hemiejo P","927581"
"896","91061862","Lake, Christopher A","927285"
"897","91314634","Lambert, James Glenn","927225"
"898","91100954","Lambert, John H","927427"
"899","91206797","Lampkin, Keith","927285"
"900","91294843","Lane, Anthony Dean","927219"
"901","91037630","Langley, Alton F","927580"
"902","91710344","Lanier Jr., Leonard E.","927580"
"903","91056002","Lanier, James E","927904"
"904","91033386","Lanza, Adolph","927344"
"905","91035240","Lanza, Margaret A","927320"
"906","91366178","Larkin, Antonio","927903"
"907","91805373","LaRocca, Emily Blaire","710670"
"908","91066448","Lasseter Jr., Robert R","927321"
"909","91836228","Lau, Wai Nin","927302"
"910","91922094","Lawrence, Franklin William","927303"
"911","91028347","Lawrence, Louis E","927323"
"912","91208303","Lawrence, Maude","927219"
"913","91135999","Leaver, Thomas M","927580"
"914","91098627","Lee III, George W","927284"
"915","91718957","Lee, Jessica C","927326"
"916","91504171","Lee, Nathan A","927228"
"917","91098217","Lee, Ricky N","927225"
"918","91046229","Lee, Rosa Mae","927978"
"919","91314625","Legare, Sonya Olivia","927205"
"920","91098930","Leger, James H","927427"
"921","91116634","Leggette, Rodney D","927286"
"922","91750120","Lehmbecker, Tom","927412"
"923","91040797","Leibold, Guenter","710669"
"924","91672284","Lemerande, Shelley D","927349"
"925","91702930","Lenkiewicz, Thomas","927520"
"926","91366356","Lentz, Rowena-May S","927323"
"927","91049547","Lentz, Theodore E","927550"
"928","91075241","Levine, Vermell M","927901"
"929","91052024","Lewis Jr., Charles Randall","981798"
"930","91361869","Lewis, John W","927412"
"931","91056789","Lewis, Mark H","927431"
"932","91092197","Lewis, Ronald J","927531"
"933","91050730","Lewis, Stephen T","927903"
"934","91306493","Lindsay, Marques","927903"
"935","91356447","Linen, Sharon A","927530"
"936","91032001","Lingle, Eric J","927289"
"937","91027678","Lingle, Jeremy Boyd","927520"
"938","91052541","Linke, Peter W","927426"
"939","91045382","Linker, David W","927205"
"940","91049841","Litchfield, Jennings","927433"
"941","91249162","Litchfield, Peggy Muckenfuss","927520"
"942","91749735","Lobo, Lawrence Charles","980436"
"943","91110783","Lockard, Spencer L","927439"
"944","91032396","Long, Ute R","710669"
"945","91698145","Lonis, Benjamin B.","927550"
"946","91220405","Looney, Robert C","927277"
"947","91855841","Loope, Wanda Horne","927903"
"948","91421956","Lopez, Homero","980222"
"949","91097904","Lord, David C","927424"
"950","91069873","Lord, Donna Glass","927323"
"951","91098226","Lord, Robert","927220"
"952","91034358","Louis, Christopher M","981504"
"953","91903801","Lovelace, Matthew Dwayne","927530"
"954","91364811","Lowe, Cynthia Lynn","927520"
"955","91396957","Luat, Charito R","927904"
"956","91408524","Lucas, Henry","927530"
"957","91009411","Luedtke, Scott Edward","689088"
"958","91055717","Luengo, Rogelio T","927903"
"959","91694152","Lundy, Stacy L.","927207"
"960","91836151","Luoni, Jason W","927302"
"961","91919465","Lute, William Allen","927303"
"962","91025144","Ly, TuDung","927901"
"963","91088326","MacDonald, Sylvia H","927530"
"964","91260086","Mack, Kimona Raquel","927222"
"965","91717000","Mack, Melvin","927236"
"966","91848405","Macklin, Emmanuel Bilal","927580"
"967","91109802","Madray, Joel W","927368"
"968","91084428","Magnus, Patrick","927232"
"969","91774892","Mahaffey, Jeffrey Lee","927431"
"970","91048566","Majer, Martin F","927520"
"971","91051604","Major, Denise M","980424"
"972","91043589","Major, Rubysteen P","927349"
"973","91052140","Manchester, Scott M","927424"
"974","91049716","Maner, Thomas I","927426"
"975","91127230","Manigault, Claudia W","927581"
"976","91422777","Manning, David M","927374"
"977","91120772","Manning, Gentry","927580"
"978","91774980","Marek, Michael Allen","927903"
"979","91043785","Marek, Patricia A","927638"
"980","91058037","Marek, Randy F","927362"
"981","91288164","Marquardt, Edward Robert","980240"
"982","91042394","Marsh, Jonathan T","927350"
"983","91417809","Martin Jr., Dennis L","927219"
"984","91087559","Martin, Deborah Joanne","927905"
"985","91046513","Martin, Jason J","980222"
"986","91753145","Massey, Mitchell Thomas","927303"
"987","91820817","Mathis, Tamieka Gibson","927324"
"988","91052676","Matthews, Michelle Mccray","927205"
"989","91056734","Matthews, William P","980240"
"990","91855820","May, Christopher Eric","927228"
"991","91362564","Mayr, Dale A.","927412"
"992","91059535","Mazyck, Lionel C","927212"
"993","91057653","Mazyck, Marcella A","927287"
"994","91449972","Mazyck, Natha L","927520"
"995","91422447","Mazyck, Vincent E","927283"
"996","91304930","McCall, Lloyd Carlton","927208"
"997","91035491","McCall, Tammy A","927424"
"998","91051212","McCauley, Elke Maria","927277"
"999","91403262","McCauley, James D","927905"
"1000","91083633","McCay, Michael P","927225"
"1001","91139012","McConnell, Timothy J","927431"
"1002","91286157","McCool, Chris","927520"
"1003","91052934","McCray, Debora A","927580"
"1004","91836162","McDaniel, Michael Alan","927302"
"1005","91366150","McDaniel, Tremaine L","927208"
"1006","91418489","McDonald, Tonia E.","927580"
"1007","91043400","McFadden, Keith A","927285"
"1008","91049609","McFadden, Quinterria","927520"
"1009","91866533","McFarland, Chad A","927431"
"1010","91447572","McGrath, Steven T","980222"
"1011","91402441","McGrew, Timothy R.","927228"
"1012","91418461","McHoney, Keith N","927285"
"1013","91050124","McKeithan, John Kelly","981550"
"1014","91060756","McKelvey, Albertha","927285"
"1015","91777015","McLemore, Cameron Joseph","710669"
"1016","91096353","McLeod, Frank E","927286"
"1017","91357543","McMillan, Christopher C","927277"
"1018","91393825","McMillon, Mary Ann","927227"
"1019","91139423","McMullin, David I","927225"
"1020","91058750","McNeely Jr., Charles R","927580"
"1021","91836173","McNeill, Frank Walters","927302"
"1022","91040644","McRae Jr., Edward L","927207"
"1023","91118311","McRae, Kenneth J","927520"
"1024","91694768","Meads, Steven M.","927424"
"1025","91264475","Means, Nikki T","927531"
"1026","91355661","Meeks, Arthur Carnell","927580"
"1027","91029444","Meier, Gloria L.","927520"
"1028","91056725","Melcher, Leonard O","927427"
"1029","91047059","Mendetzki, Jochen","980990"
"1030","91889270","Mendez Paez, Eli Daniel","980222"
"1031","91621156","Mennona, Christopher P","689999"
"1032","91745643","Mercer, Brandon J.","927520"
"1033","91914240","Mercer, Jeffrey B","927424"
"1034","91356642","Mercier, Diana M.","927209"
"1035","91721014","Meredith, Joelma","927580"
"1036","91910291","Mese, Emre Muhammed","927320"
"1037","91357240","Metts, David Franklin","927901"
"1038","91884826","Meyer, Jeffrey Gordon","927580"
"1039","91043320","Meyer, Joann E","927905"
"1040","91131813","Meyer, John F","927414"
"1041","91420662","Meyer, Kenneth W.","927520"
"1042","91668698","Michener, Joseph Allen","927207"
"1043","91078809","Middleton, Denise D","927209"
"1044","91107966","Middleton, Vickey E","927346"
"1045","91091367","Miller, Edward F","927420"
"1046","91348439","Miller, Jason T","927410"
"1047","91043142","Miller, Marcella D","927550"
"1048","91382310","Miller, Matthew","980206"
"1049","91666036","Miller, Norman E","927530"
"1050","91132466","Miller, Randi Lynne","927580"
"1051","91038345","Miller, Scott J","927211"
"1052","91298475","Miller, Scott T","980954"
"1053","91862276","Miller, Trevor Andrew","927228"
"1054","91696407","Miller, Zachary Matthew","927366"
"1055","91069427","Mills, Cleveland C","927580"
"1056","91096344","Mingoia, Gerard","927411"
"1057","91693085","Mintz, Jarrod S.","927409"
"1058","91120781","Mitchell, Angela L","927323"
"1059","91061880","Mitchell, Michael J","927212"
"1060","91891679","Mitchell, Rochelle Jellissa","927580"
"1061","91128444","Mitulinski, Raymond N","927424"
"1062","91052701","Mixon, Michael J","927323"
"1063","91360762","Mixon, Valery J.","927903"
"1064","91122805","Mizell, Ronald R","927426"
"1065","91049878","Mizzell, Michael A","927907"
"1066","91106404","Mones, Ramon A","927225"
"1067","91079470","Montgomery, Maccio B","927520"
"1068","91102033","Mood, Benjamin D","927530"
"1069","91047193","Moorer, Cynthia Y","927524"
"1070","91101793","Moorer, Randolph K","927520"
"1071","91249741","Moorer, Tonyah Lasheille","927580"
"1072","91908950","Morgan, Daniel","927285"
"1073","91033037","Morris-Conklin, Nicholas A","927228"
"1074","91694350","Morrison, Tate Emery","927580"
"1075","91922171","Morse, Shondi Taylor","980222"
"1076","91260781","Morton Jr., James W","927346"
"1077","91110845","Moss, Terry L","981231"
"1078","91034811","Mott, Timothy L","927434"
"1079","91116135","Moyer, Manuel R","927432"
"1080","91862342","Muench, Norbert","927580"
"1081","91128300","Mullins, Scott H","927903"
"1082","91901128","Munafo II, Stephen Gabriel","927398"
"1083","91317329","Mungin, Lakesha D","927205"
"1084","91099145","Munson, Eric A","710670"
"1085","91043507","Murdaugh Jr., Franklin Layvonne","927368"
"1086","91347387","Murphy Jr., Clyde Ernest","927212"
"1087","91092516","Murphy, Michael E","927802"
"1088","91128113","Murphy, Patricia L","927323"
"1089","91066019","Murray, Brian W","927901"
"1090","91059189","Murray, Bruce","927372"
"1091","91059955","Murray, Bryant D","927409"
"1092","91035455","Murray, Kevin S","927283"
"1093","91833225","Murray, Matthew Robert","927437"
"1094","91059713","Murtagh, Brian T","927372"
"1095","91048940","Mussall Jr., Richard G","927802"
"1096","91110140","Myers, Edward","927222"
"1097","91083697","Myers, Michael H","927428"
"1098","91314233","Myers, Robin B","927219"
"1099","91050650","Myers, Stephanie H","927362"
"1100","91371830","Nakoinz, Klaus","927520"
"1101","91043767","Nelson, Charles H","927580"
"1102","91080262","Nelson, Dorinda J","927520"
"1103","91082206","Nelson, Gary","927287"
"1104","91357598","Nelson, JoAnn","927550"
"1105","91045140","Nelson, Rhunnett","927225"
"1106","91059919","Nesbitt, Levaniel","927580"
"1107","91692700","Nettles, Dwight L","927520"
"1108","91100570","New, William P","927323"
"1109","91121067","Newman, Raymond N","689999"
"1110","91136505","Nguyen, David C","927901"
"1111","91103229","Nicholson Jr., William M","927425"
"1112","91120317","Nicholson, Cynthia L","927520"
"1113","91746270","Nicholson, Justin","927580"
"1114","91264484","Nick, Pamela L","927550"
"1115","91404644","Nickerson, Earl","927323"
"1116","91359140","Nixon, Barbara","980121"
"1117","91655290","Nixon, Jeffrey T","927331"
"1118","91044061","Noisette, Anthony E","927372"
"1119","91922028","Nomura, Jun","927367"
"1120","91044490","Norris, Loretta","927288"
"1121","91126213","Nubuya, Jane","927285"
"1122","91453234","Nuckols, Jay C","927347"
"1123","91003738","Nutley, David","689088"
"1124","91349161","Obeng-Darko, Charles","927228"
"1125","91877995","O'Connor, Dennis B","927580"
"1126","91106315","Odom Jr., Andrew T","927219"
"1127","91309132","Ogunbule, Adegbuyi Adebayo","927550"
"1128","91664870","Oldfield, Jim","927424"
"1129","91006977","Oliver, Beverly R.","980501"
"1130","91862419","Oliver, Darren A","927324"
"1131","91066340","Olsen, Holly N","710669"
"1132","91304958","Ona, Norma Diaz","927209"
"1133","91040804","O'Neill, Constance M","927228"
"1134","91125688","Orara Jr., Angel B","927901"
"1135","91037532","Orchowsky, Michael K","927277"
"1136","91102845","Osborne, Joseph C","927550"
"1137","91080663","O'Shields, Julianna","927520"
"1138","91421046","Ostrander, Steven J","927212"
"1139","91140368","Otay, Cenk","927228"
"1140","91089012","Owans Jr., Henry","927321"
"1141","91042508","Owans, Henry E","927420"
"1142","91109410","Owens Jr., Thomas J","927283"
"1143","91035124","Owens, Barbara R","927582"
"1144","91794109","Owens, Raymond Patrick","927420"
"1145","91806572","Ozkan, Zafer","927283"
"1146","91416846","Padgett, Janniffer H","927520"
"1147","91693129","Page, Richard M.","927286"
"1148","91714436","Paige, Kiontay","927580"
"1149","91883385","Palica, Lukas","927228"
"1150","91319167","Palmer, Carla Samantha","927397"
"1151","91365598","Parker, Adam Edward","927324"
"1152","91666113","Parker, Mark Z","927903"
"1153","91405581","Parkison, James S.","927209"
"1154","91061434","Parrish, Robert S","927426"
"1155","91105940","Parson, Glenn M","927638"
"1156","91726866","Passafini, Mayra","927345"
"1157","91070344","Pastel, Kevin V","927326"
"1158","91663946","Patala, Robert J","980436"
"1159","91035026","Patterson, Douglas T","981231"
"1160","91082171","Paul, Donald","927427"
"1161","91073653","Payne, Michael Alan","927901"
"1162","91746402","Peabody, Sean Douglas","927903"
"1163","91452805","Peace, Willienn D","927323"
"1164","91660701","Pearcy, Benjamin J","927550"
"1165","91070549","Pearson, Donald B","927365"
"1166","91750054","Peeples, Ronald D.","927550"
"1167","91419923","Pelekakis, Anthony P","927550"
"1168","91083642","Pelow, Angela F","927903"
"1169","91127187","Penaflor, Fernando A","927220"
"1170","91098663","Pendarvis, Thomas A","927520"
"1171","91125713","Pender, Timothy W","927550"
"1172","91308062","Penton, John Alexander","927550"
"1173","91840640","Penton, Kristin Marie","980222"
"1174","91128079","Pentz IV, William C","927285"
"1175","91098994","Peralta, Jeffery J","927411"
"1176","91315642","Perdue, Barbara A","927209"
"1177","91692800","Perkins III, Marvin R","927901"
"1178","91045408","Perkins, Sheriah G","927288"
"1179","91836382","Perrault, Christopher Joseph","927302"
"1180","91294923","Perrault, Lawrence Blaire","927219"
"1181","91069908","Perry, Benita A","927580"
"1182","91051748","Perry, Raymond M","927435"
"1183","91059526","Perry, Stanley L","927582"
"1184","91046069","Peterson, Matthew C","927901"
"1185","91872297","Petroski, Frank Gary","927550"
"1186","91347537","Petzolt Jr., Harold","927323"
"1187","91087130","Pfaffenbichler, Josef","927903"
"1188","91106397","Pflaum, Juergen J","927580"
"1189","91441060","Phifer, Michaela D","980240"
"1190","91207484","Phillips, Cassandra M","927225"
"1191","91049306","Phillips, Thomas D","981550"
"1192","91814602","Pieper, Sven","927398"
"1193","91132787","Pierce, Kari L","927424"
"1194","91260558","Pigford, Tyrone Lee","927323"
"1195","91114761","Pinckney, Lottie E","927228"
"1196","91448768","Pinckney, Lynn J","927225"
"1197","91259882","Pinckney, Rosalyn","927584"
"1198","91366873","Pinelo, Fernando","927365"
"1199","91117269","Piness, Thomas J","980240"
"1200","91136140","Pitts, Bryan G","927520"
"1201","91693030","Platt Jr., Jack O.","927236"
"1202","91122592","Platt, Jack O","927225"
"1203","91358267","Poaches, Brian J.","927582"
"1204","91914262","Poe, Mary Martha","927530"
"1205","91683746","Polic, Garren W","927225"
"1206","91261334","Polite Jr., Willie","927283"
"1207","91842620","Ponto II, Henry Mayo","927420"
"1208","91848482","Poole-Dawson, Carmen S","927580"
"1209","91097815","Porcher Jr., Frank","927580"
"1210","91071753","Porter, Nannette F","927580"
"1211","91882593","Porter, Randolph Joseph","927580"
"1212","91050669","Porter, Richard T","927225"
"1213","91121129","Posadas, Alexander G","927323"
"1214","91314698","Pressley, Ethel R","927520"
"1215","91113281","Pressley, Herbert L","927530"
"1216","91076552","Pressley, Lorie D","927345"
"1217","91127604","Price, Edward H","927580"
"1218","91059544","Priester, Donna D","927581"
"1219","91264732","Primiano, Chris","689088"
"1220","91449142","Prine, Cathy M","927584"
"1221","91356036","Pringle, Christashawn L","927582"
"1222","91123797","Pringle, Julius","927901"
"1223","91034820","Pringle, Rodney","927323"
"1224","91395155","Prioleau, Aleshia D.","927531"
"1225","91085294","Prioleau, Erica Alida","927520"
"1226","91077409","Privette Jr., John A","689088"
"1227","91911589","Provost, Joseph Edward","927301"
"1228","91117009","Pruitt, Gerdi","927432"
"1229","91721894","Pryor II, Fred","927520"
"1230","91046791","Pryor, Fred L","710669"
"1231","91713040","Purewal, Hardeep S.","981525"
"1232","91043428","Purewal, Karnail S","927520"
"1233","91717990","Puryear, Justin Ryan","927427"
"1234","91722060","Pyke, Adam","927901"
"1235","91110462","Qualman, Roger R","980222"
"1236","91730925","Quinones, Luis A.","980206"
"1237","91361182","Quisenberry, James E","927232"
"1238","91119604","Ramsey II, Glenn B","927424"
"1239","91043749","Ranly, Frank A","927903"
"1240","91132956","Ransom, Arlinda A","927225"
"1241","91127686","Raptou, Gregory P","927426"
"1242","91121469","Ratliff, Tony B","927582"
"1243","91103210","Ravenell, Walter J","927212"
"1244","91814459","Razo, Francisco M","927420"
"1245","91111728","Ready, William H","927283"
"1246","91069043","Reed, Casey A","927277"
"1247","91141704","Reed, Debra S.","927550"
"1248","91294273","Reed, Jamee L","927209"
"1249","91138503","Reed, Kevin G","927285"
"1250","91880514","Reed, Matthew John","927903"
"1251","91111121","Reese, Bernard","689999"
"1252","91714030","Reese, James Calvin","927580"
"1253","91113307","Reeves, Steven","927207"
"1254","91035767","Regenscheit, Heinz G","927338"
"1255","91836393","Register Jr., Mark Allen","927302"
"1256","91038782","Rehrig, Timothy R","981231"
"1257","91395182","Reid, Eva","927970"
"1258","91040001","Reid, Jeffrey D","927580"
"1259","91125633","Reid, Robert E","927431"
"1260","91395556","Reid, Robert J","927905"
"1261","91046826","Reid, Thelia A","927580"
"1262","91418620","Reinert, Serge","927397"
"1263","91138638","Renfro, Virginia T","927362"
"1264","91110765","Revelle Jr., Robert L","927486"
"1265","91127766","Rexroad, Gregory A","927347"
"1266","91043605","Reynolds, Michael W","927550"
"1267","91911700","Rhuland Jr., Stanford W","927301"
"1268","91035295","Rich Jr., Franklin G","927801"
"1269","91893307","Rich, Caitlin Elizabeth","710669"
"1270","91669226","Richardson Jr., Russell Wilson","927550"
"1271","91264750","Richardson, Amanda Latasha","927580"
"1272","91119212","Richardson, Carsell","927288"
"1273","91116279","Richardson, Russell W","980206"
"1274","91048049","Richardson, Wanda J","927978"
"1275","91061443","Richardson-Moreno, Peggy Ann","927978"
"1276","91453289","Riddick, Lee Porter","981231"
"1277","91698871","Riddle, Elliott Spencer","927550"
"1278","91095265","Riley, Nathan","927225"
"1279","91118801","Ritchie, Cynthia M","980954"
"1280","91404626","Ritchie, Don","927324"
"1281","91034955","Ritter, Lawrence W","927224"
"1282","91059973","Rivers, Jacqueline P","927901"
"1283","91051043","Rivers, Sabine S","980222"
"1284","91032350","Roberts Jr., Louie M","927343"
"1285","91347957","Roberts, Bruce Michael","689088"
"1286","91365393","Robins, John H","927323"
"1287","91427497","Robinson, Alena","927397"
"1288","91103684","Robinson, Dwayne","927323"
"1289","91702633","Robinson, Dwayne A.","927285"
"1290","91083321","Robinson, Ellita Renee","927288"
"1291","91348448","Robinson, Lester Wayne","927901"
"1292","91314260","Robson, Brian C","980436"
"1293","91872650","Rodgers, Cheryl E","927432"
"1294","91295058","Rodriguez, Trudy A","927209"
"1295","91673054","Rogers, Joseph E","927903"
"1296","91042303","Rollerson, Ethel M","927905"
"1297","91052006","Rollison, Kyra R","927208"
"1298","91036310","Romeo, Vincent H","927431"
"1299","91668247","Rooker, Brian K","927906"
"1300","70054179","Roos, Werner","927277"
"1301","91863266","Roque, Leonardo O","927437"
"1302","91845590","Rosenstrom, Kristian Michael","927580"
"1303","91136471","Rossillo, Anthony T","927414"
"1304","91395226","Rouse, Fred","927580"
"1305","91034152","Rowe, John G","927364"
"1306","91901161","Rowe, Scott A","927285"
"1307","91072280","Ruddick, Michael R","689088"
"1308","91348750","Ruiz, Jessica J","927323"
"1309","91890711","Rush, Thomas Alexus","927580"
"1310","91095602","Russell, Donna D","927374"
"1311","91911611","Russell, Seleta Marie","927301"
"1312","91395271","Russell, Sharlene B","927209"
"1313","91682811","Sadowski, Edmund T","927431"
"1314","91406090","Salada, James K","710669"
"1315","91702688","Salley, Jamaal A.","927225"
"1316","91057644","Salters, Audrey M","927582"
"1317","91048833","Salters, Cathy Ann","927212"
"1318","91321010","Salters, Gary Leon","927520"
"1319","91396948","Samonte, Ana Liza D","927323"
"1320","91912942","Samonte, Byron Ramos","927420"
"1321","91315223","Sanders III, Johnny C","927905"
"1322","91100918","Sanders, April","927323"
"1323","91058064","Sanders, John P","927374"
"1324","91135971","Sanders, Johnny C","927903"
"1325","91058297","Sandler, William A","927486"
"1326","91134240","Sandley, David","927212"
"1327","91683890","Sapp, Tracy D","927550"
"1328","91348457","Sarine, Jason Delano","927550"
"1329","91048254","Sarvis, Peter R","927582"
"1330","91047638","Sass, Martha F","927343"
"1331","91317276","Sawyer, Theresa B","927209"
"1332","91688256","Sawyer, Thomas","927905"
"1333","91693052","Scattergood, Cody S.","927903"
"1334","91288155","Schaab, Margaret","927350"
"1335","91702919","Schaad, Matthew R.","927368"
"1336","91069132","Schaefer, Herbert","927625"
"1337","91716449","Schaefer, James Michael","689999"
"1338","91814613","Schaefer, Julia","927398"
"1339","91131886","Schaeperkoetter, Charles","927580"
"1340","91911732","Schall, Curtis Andrew","927301"
"1341","91732146","Schall, Joshua T.","927425"
"1342","91047228","Schanz, Thomas R","927520"
"1343","91049459","Schine, Vanessa P","980222"
"1344","91718880","Schmelzer, Georg","689743"
"1345","91132741","Schneider, Craig","689743"
"1346","91308320","Schnibbe, Tannie Jeffords","927223"
"1347","91690654","Schoenith, David W","927225"
"1348","91086863","Schoettner, Thomas","980206"
"1349","91287165","Schuler, John Matthew","927821"
"1350","91031903","Schwartzinger, Thomas","927427"
"1351","91832675","Schwede, Scott N","927425"
"1352","91037765","Sclesky, Edward R","927228"
"1353","91260549","Scott Jr., Peter","927903"
"1354","91096781","Scott, Anthony N","927223"
"1355","91127472","Scott, Darlene","927323"
"1356","91042429","Scott, Janet T","689088"
"1357","91318710","Scott, Stewart Stanley","927225"
"1358","91716999","Scriven, Toriano","927580"
"1359","91057289","Seabrook, Mary E","927205"
"1360","91101757","Seay, Jamie C","927821"
"1361","91211193","Sebastian, Thomas","689743"
"1362","91862310","Sebuck, Jeffrey M","927324"
"1363","91691809","Seeley, Shane E","927225"
"1364","91836404","Seifts, Matthew James","927901"
"1365","91916176","Senger, Thomas Markus","927326"
"1366","91851331","Settle, Jacob K.","980012"
"1367","91360076","Shaffer, Charles","927580"
"1368","91037578","Shannon, Robin S","927277"
"1369","91047567","Sharper, Sarah","927580"
"1370","91061014","Shaw, Kenneth G","927903"
"1371","91841244","Shea, John P","927530"
"1372","91896838","Shedd, Chad Cory","927219"
"1373","91135837","Sheffield, Steven L","927901"
"1374","91113682","Shepherd, Beverly A","927321"
"1375","91112709","Shepherd, Robert E","981231"
"1376","91718000","Sherlin, James Darrell","927520"
"1377","91112932","Sherman, Jay R","927289"
"1378","91069203","Shiers, Wendy A","927558"
"1379","91114716","Shifflett, Lawrence S","927227"
"1380","91691468","Shim, Sangwan","927396"
"1381","91031574","Shine, Vanessa","927550"
"1382","91103265","Short, Kevin W","927550"
"1383","91774078","Shorter, Trent A.","927531"
"1384","91591059","Shrum, Brandon","980954"
"1385","91135926","Shuford, Sammy J","927414"
"1386","91843521","Shuler, Laveeta S","927901"
"1387","91078211","Shull, Brian D","981231"
"1388","91507114","Shulman, Brian","927395"
"1389","91614953","Sibilla Agnelli, Ricardo","927399"
"1390","91313742","Sielski, Mauricio","927277"
"1391","91667202","Silvers, Monty Scott","927550"
"1392","91061050","Simmons, Adell C","927409"
"1393","91911622","Simmons, Alex Akene","927301"
"1394","91026535","Simmons, David A","927427"
"1395","91770085","Simmons, John D.","980954"
"1396","91307991","Simmons, John Franklin","927580"
"1397","91445832","Simmons, Jowarah Nodra Darious","927580"
"1398","91854807","Simmons, Michaela M","927522"
"1399","91095960","Simmons, Patricia","927219"
"1400","91046498","Simmons, Pavia M","927584"
"1401","91027794","Simmons, Rodney E","927550"
"1402","91263421","Simmons, Rosiland","927323"
"1403","91103238","Simmons, Terry B","927520"
"1404","91394469","Simmons, Violet Y","927219"
"1405","91106440","Simon, Gwendolyn P","980526"
"1406","91366141","Simon, Timothy John","927219"
"1407","91699938","Simpson, Christopher Scott","927903"
"1408","91855907","Simpson, Ericka Marie","927903"
"1409","91422535","Sims, Timothy L","927283"
"1410","91317588","Singleton, Anthony B","927972"
"1411","91855852","Singleton, Ashli A","927903"
"1412","91139664","Sinsuat, Edna L","927285"
"1413","91062219","Sinteff, Richard L","927903"
"1414","91347984","Sirois, Kathleen K","927581"
"1415","91029710","Skerritt, John F","927372"
"1416","91047479","Skipper, Michael F","981231"
"1417","91317640","Slocum Jr., Timothy Frank","927520"
"1418","91127793","Slocum, Robin E.","927580"
"1419","91127588","Slocum, Timothy F","927428"
"1420","91417783","Smalls, Aretha I","927225"
"1421","91061853","Smalls, Barbara E","927287"
"1422","91356214","Smalls, Detria Elaine","689088"
"1423","91057305","Smalls, Minnie B","927223"
"1424","91307928","Smalls, Nikkea Defarris","927520"
"1425","91416873","Smalls, Odyessa M","927520"
"1426","91307973","Smalls, Tiffany Denise","927905"
"1427","91316865","Smalls, Yolanda S","927905"
"1428","91094890","Smart, Henry J","927411"
"1429","91911468","Smith Jr., Kenneth Leon","927431"
"1430","91836415","Smith, Bryce James","927580"
"1431","91691260","Smith, Conrad Berset","927901"
"1432","91316696","Smith, Deborah A","927366"
"1433","91076035","Smith, Dianne","927580"
"1434","91095309","Smith, Eric K","927531"
"1435","91107877","Smith, Gregory Keith","689743"
"1436","91661999","Smith, Jacob D","927821"
"1437","91056798","Smith, James","927208"
"1438","91141580","Smith, Joshua A.","689088"
"1439","91726998","Smith, Kasey D.","927431"
"1440","91069123","Smith, Phillip S","927431"
"1441","91110970","Smith, Robert A","927362"
"1442","91040779","Smith, Robert K","927903"
"1443","91050384","Smith, Ronald L","927530"
"1444","91354706","Smith, Sondiner","927580"
"1445","91901535","Smith, Thomas Edward","927550"
"1446","91052694","Smyly Jr., James R","927412"
"1447","91127926","Snider, Brent E","927530"
"1448","91079489","Snider, David A","927821"
"1449","91122547","Snyder, Gary J","927638"
"1450","91836195","Solesbee, Jeremy Mark","927302"
"1451","91922072","Sott, Michael Joseph","927303"
"1452","91127542","Spangler, Eric W","927580"
"1453","91912238","Speissegger, David A","927301"
"1454","91099001","Spell, Bruce M","689088"
"1455","91061470","Sperlich, Elizabeth","927225"
"1456","91050026","Spiller, Walter","927550"
"1457","91264689","Spitzer, Wayne","927435"
"1458","91425667","Spivey, Tonya L.","927366"
"1459","91140055","Sprague, Jeffrey A","689743"
"1460","91038504","Sprecher, Todd","927367"
"1461","91040886","Sproles, Michael","927580"
"1462","91341748","Stafford, Shironica Latrice","927522"
"1463","91361155","Stahl, Craig A","927277"
"1464","91721080","Staley, Terrell","927520"
"1465","91838406","Stallard, John Robert","927437"
"1466","91029809","Stamps, David Edward","927399"
"1467","91037408","Stanley, Edward J","927338"
"1468","91039709","Staples Jr., Wilton Hoy","980210"
"1469","91717945","Stauver, Julie R.","927580"
"1470","91050446","Steiert, Teresa M","980210"
"1471","91133731","Stenson, Douglas A","927520"
"1472","91133214","Stevens, Gary","927901"
"1473","91286521","Steward, Latarsha","927323"
"1474","91131948","Stewart, Shelley B","927323"
"1475","91856028","Stief, Stefan","927345"
"1476","91263653","Stocker, Flint L","980436"
"1477","91264563","Stocklas, Shawn M","927433"
"1478","91136685","Stoker Jr., Charles M","927520"
"1479","91031592","Stokes, Michael E","927228"
"1480","91395146","Stokes, Yolanda Yuette","927287"
"1481","91730375","Stolte, Patrick Peter","927550"
"1482","91365482","Stone, Amanda K","927323"
"1483","91062656","Stone, Robert K","927285"
"1484","91043543","Stoneburner, Daniel M","927403"
"1485","91115868","Story, James L","927225"
"1486","91099387","Story, Michael C","927225"
"1487","91032403","Streb, Michael T","981525"
"1488","91689785","Strobel Jr., Robert A","927409"
"1489","91037934","Sturgill, Jennifer A","927901"
"1490","91407142","Subang, Werson Ramirez","980954"
"1491","91046844","Sullins Jr., Edward W","927420"
"1492","91045747","Sullins, Susan E","927228"
"1493","91116046","Sullivan, Shawn A","981525"
"1494","91440034","Sumpter, Geneva","927209"
"1495","91721190","Sunmola, Ajibola","927520"
"1496","91893516","Surprenant, Jonathan L","927550"
"1497","91264769","Swanchara, Paul","927971"
"1498","91095559","Sweat, Etholia A","927403"
"1499","91911721","Swenson, Mark Samuel","927301"
"1500","91038666","Swisher, Harry","927520"
"1501","91088031","Swope, Clair","980424"
"1502","91406134","Syphertt, Gloria J.","927224"
"1503","91648282","Taladay, Allison Faye","927395"
"1504","91047950","Tartt, Quotarsha D","927285"
"1505","91041091","Taube, Bradley","980121"
"1506","91082545","Taylor III, Samuel","927323"
"1507","91695220","Taylor, Douglas M.","927412"
"1508","91831454","Taylor, Peter Tyrone","927580"
"1509","91673142","Taylor, Robert L","927207"
"1510","91049538","Teal, Jon Martin","927225"
"1511","91724480","Teich, Patrick","927550"
"1512","91028579","Templeton, James B","927428"
"1513","91667257","Tepatti, Christopher J","927901"
"1514","91058019","Terry, Alonzo M","927580"
"1515","91315795","Theriault, Daniel Alan","927903"
"1516","91363073","Thomas Jr., Tony E","927323"
"1517","91347430","Thomas Sr., Tony E","927580"
"1518","91264787","Thomas, Brandon","927905"
"1519","91717010","Thomas, Kyle M.","927435"
"1520","91364330","Thomas, Misty L","927302"
"1521","91827660","Thomason, William B","927903"
"1522","91746391","Thompson, Amundu H","927288"
"1523","91306689","Thompson, Carl O","927905"
"1524","91057706","Thompson, Elwyn J","927580"
"1525","91049707","Thompson, Ernie A","927368"
"1526","91910082","Thompson, Heather Satterfield","927901"
"1527","91117358","Thompson, Joannie M","927283"
"1528","91074509","Thompson, John W","927530"
"1529","91721971","Thompson, Phaidra","927520"
"1530","91446252","Thorndike, Rocio R.","710669"
"1531","91030502","Thornton, Martha A","927524"
"1532","91045471","Thorp, Kevin A","927439"
"1533","91419683","Tideswell, Joseph","927520"
"1534","91044739","Tillman, Trenton T","927338"
"1535","91364820","Tilton, Lloyd D","927209"
"1536","91918486","Tindal, Holly Michelle","927432"
"1537","91260834","Tippey, Chad D","927625"
"1538","91029621","Tolbert, John A","927411"
"1539","91098672","Tomicich, Sherri Renee","927323"
"1540","91078382","Tomlin, Lurether G","927520"
"1541","91261316","Totaro, Pasquale","689743"
"1542","91365605","Totaro, Patricia Christine","927345"
"1543","91304949","Toucey, Christopher S","927288"
"1544","91844390","Trache, Thomas","927397"
"1545","91431730","Trageser, Vern M","981231"
"1546","91911655","Trapp Jr., Richard Dennis","927301"
"1547","91431632","Trevino, Robert A.","927531"
"1548","91139414","Tria Jr., Jesus P","927903"
"1549","91053568","Trippe, Jo","927433"
"1550","91041000","Tsai, Chih-Ho","927550"
"1551","91100981","Tucker, Jimmie","927903"
"1552","91926142","Tucker, Marion","927303"
"1553","91689763","Turner, Philip K","927283"
"1554","91126295","Turner-Skibba, Sally A","927374"
"1555","91033616","Turpin, A James","980206"
"1556","91053096","Tuttle, Patricia A","927349"
"1557","91113192","Ullal, Nayak N","927324"
"1558","91322215","Van Patten, Bradley","927397"
"1559","91445823","Van Pinxteren, Joseph","927219"
"1560","91314331","Vance, David W","927903"
"1561","91828396","Vandenberg, Nadja","927228"
"1562","91219462","VandenBerg, Thomas","927364"
"1563","91105646","Vanderwege, Robert","980206"
"1564","91835524","Vaskis Jr., John Robert","927228"
"1565","91839539","Vazquez, Orlando","980222"
"1566","91505125","Vedder, Christopher N","927437"
"1567","91921665","Velazco Mendieta, Luis","980436"
"1568","91067599","Venning, Lynda R","980240"
"1569","91419585","Verkerke, Samantha L","927899"
"1570","91264741","Verona, Douglas","927414"
"1571","91135757","Vicars, Brian L","927905"
"1572","91754322","Vieira, Gerson Andre","927277"
"1573","91682602","Villeneuve, John","927323"
"1574","91366301","Villeponteaux, Jenifer A","927323"
"1575","91140171","Vo, John T","927209"
"1576","91139584","Vo, Tin T","927409"
"1577","91648304","Von Egger, Steven Andrew","927396"
"1578","91723050","Wager, James David","689743"
"1579","91832708","Waldron, Todd Storey","927414"
"1580","91313010","Waliszewski, Mary","927323"
"1581","91121833","Walker, Anna Marie","927323"
"1582","91127427","Walker, Billy R","927232"
"1583","91066885","Walker, Gilbert B","927903"
"1584","91094417","Walker, Hermenia E","927581"
"1585","91033475","Walker, John L","927224"
"1586","91396644","Walker, Susan I","927580"
"1587","91045453","Walker, Timothy A","927420"
"1588","91114333","Walker, Tony L","927228"
"1589","91264126","Wallace, Stephen Tyler","980954"
"1590","91308035","Wallace, Timothy R.","689088"
"1591","91038452","Walter, James","927440"
"1592","91062264","Walters, Ronald S","927219"
"1593","91612651","Wang, Xingyuan","927901"
"1594","91118197","Ward, Alphonzo J","927903"
"1595","91745148","Ward, Charles James","927580"
"1596","91142259","Warid, Masud","927802"
"1597","91030496","Warid, Masum","980204"
"1598","91032387","Warner, William M","927580"
"1599","91098921","Warren, Willard H","927323"
"1600","91079504","Washington Jr., Isaac","927625"
"1601","91356624","Washington, Jessie R.","927225"
"1602","91294193","Washington, Kimberly","927372"
"1603","91042820","Washington, Leroy","927208"
"1604","91078391","Washington, Loretta G","927426"
"1605","91067580","Washington, Oneathia L","927286"
"1606","91077604","Washington, Sam G","927903"
"1607","91396608","Washington, Sharon J","927970"
"1608","91118142","Washington, Sylvia","927970"
"1609","91404993","Washington, Vernessa","927323"
"1610","91356615","Washington, Wesley A.","927520"
"1611","91036775","Washington, Willette T","927323"
"1612","91645565","Watkins, Brian Lee","927228"
"1613","91115190","Watkins, William W","927638"
"1614","91046407","Watson, Alan B","927550"
"1615","91441248","Watson, Ander W","927431"
"1616","91056761","Watson, Carolyn","927426"
"1617","91047004","Watson, Patricia A","927903"
"1618","91056770","Weaver, Carl R","927427"
"1619","91114798","Weaver, Ellen A","927212"
"1620","91050534","Weber, Guenter R","927228"
"1621","91051089","Weber, Harald","927228"
"1622","91051105","Weber, Michael","927520"
"1623","91024797","Weeks, Gregory A","689743"
"1624","91227649","Weeks, Jason  D","927228"
"1625","91666135","Weimann, Daniel","981798"
"1626","91032083","Weiskopf, Frank","927522"
"1627","91071771","Weiss III, Leonard M","927550"
"1628","91921687","Weitze, Thomas","981231"
"1629","91109456","Weiwadel, Jurgen K","980436"
"1630","91119579","Welch, Shane E","927283"
"1631","91693130","Werner, Andrew F.","927426"
"1632","91067269","Westerberg, Roger A","927277"
"1633","91418611","Weston, Tonya D","927323"
"1634","91094104","Whaley, Darrell W","927410"
"1635","91673043","Wheat, Brandon E","927520"
"1636","91052426","Wheeler Jr., Kenneth R","927431"
"1637","91667301","Whetsell, Vonman J","927212"
"1638","91119935","White, Agnes D","927285"
"1639","91664860","White, Alan G","927580"
"1640","91092115","White, Billie J","927520"
"1641","91111782","White, Carrie L","927205"
"1642","91103256","White, James Max","927520"
"1643","91044418","White, Joseph","927821"
"1644","91125571","White, Lakisha M","927323"
"1645","91668621","White, Michael Peter","927903"
"1646","91417453","White, Reginald C","927901"
"1647","91451717","White, Russell T","981504"
"1648","91096406","White, Sharon Nell","927580"
"1649","91063753","White, Thanhvan N","980222"
"1650","91078006","White, Theressa P","927520"
"1651","91419148","White, Willie Mae","927580"
"1652","91045266","Whitt, John A","927580"
"1653","91833104","Wickline, Richard Allen","927409"
"1654","91091358","Widener, Phillip O","927903"
"1655","91131804","Wieties, William M","927420"
"1656","91416864","Wigfall, Effie R.","927580"
"1657","91077560","Wigfall, James M","927580"
"1658","91050017","Wiggins Jr., Ronald Isaac","927901"
"1659","91135579","Wiggins, Alice Dianne","927520"
"1660","91100133","Wiggins, Dolton E","927903"
"1661","91751902","Wilbanks, John F.","927424"
"1662","91377718","Wilcox, Michael","981298"
"1663","91836250","Williams II, John Anthony","927302"
"1664","91120745","Williams, Aletha","927209"
"1665","91100179","Williams, Darrell B","927903"
"1666","91356606","Williams, Deborah A.","927225"
"1667","91504199","Williams, Dennis W","927409"
"1668","91663870","Williams, Derek Ryan","927395"
"1669","91044873","Williams, Edward A","927205"
"1670","91100188","Williams, Francena","927208"
"1671","91673065","Williams, James E","927431"
"1672","91673197","Williams, Joseph T","927520"
"1673","91812809","Williams, Kerry D","980012"
"1674","91064119","Williams, Michael A","927625"
"1675","91890722","Williams, Natasha T","927580"
"1676","91047255","Williams, Terry L","980224"
"1677","91030290","Williamson, Anthony","927905"
"1678","91030263","Williamson, Eugene","927550"
"1679","91113254","Williamson, John M","927802"
"1680","91047594","Williamson, Karen Singleton","927223"
"1681","91057298","Williams-Shivers, Deborah","927903"
"1682","91101711","Willis, John M","927409"
"1683","91693118","Wilman, Christopher S.","927520"
"1684","91057270","Wilson, Barbara A","927581"
"1685","91357758","Wilson, Cheryl A.","927426"
"1686","91893483","Wilson, Jack K","927208"
"1687","91050053","Wilson, Joyce C","927286"
"1688","91912172","Wilson, Stephen P","927301"
"1689","91686860","Wimberly, Christopher Wayne","927414"
"1690","91098253","Winningham, Karen C","927346"
"1691","91103247","Winningham, Walter R","927281"
"1692","91848537","Witherspoon, Heather E","927580"
"1693","91129032","Witte, Andy J","927420"
"1694","91784264","Wittwer, Lars","927440"
"1695","91050062","Womble, Cheryl U","927520"
"1696","91694295","Wonderlick, Robert Paul","927903"
"1697","91917210","Woods, Stacy Deneen","927349"
"1698","91416908","Woods, Stephanie D","927530"
"1699","91038755","Woodward, Christopher P","927625"
"1700","91261174","Woytera, Christopher J","927520"
"1701","91445798","Woytera, Mindy L","710669"
"1702","91815780","Wray, Justin Michael","927424"
"1703","91119953","Wright Jr., Alfred","927321"
"1704","91048478","Wright, Ada B","927219"
"1705","91443530","Wright, Andre D","927224"
"1706","91042900","Wright, Deborah Ann","927901"
"1707","91082992","Wright, Felicia S","927225"
"1708","91689752","Wright, Gary L","927223"
"1709","91351807","Wright, Gary Lynn","927522"
"1710","91113263","Wright, Jerome","927905"
"1711","91836261","Wright, Kyle Bishop","927302"
"1712","91061023","Wright, Mervin","927323"
"1713","91714392","Wright, Sandra Lee","927550"
"1714","91028285","Wright, Selena","927530"
"1715","91402414","Wrona, Gregory J","927550"
"1716","91048584","Wunsche, Werner J","927901"
"1717","91031690","Yang, Hongye","689743"
"1718","91845402","Yarbrough, Robert Garland","927905"
"1719","91038586","Yates, Charles","927225"
"1720","91697276","Yates, Kevin Lamar","927905"
"1721","91548099","Yohpe, Christopher T","981231"
"1722","91366837","York, Fred Daniel","927228"
"1723","91051427","Young, Carrie B","980424"
"1724","91047754","Young, Janice J","927580"
"1725","91048986","Young, Lawrence J","927225"
"1726","91664925","Young, Michael D.","927424"
"1727","91673076","Young, Ryan M","927349"
"1728","91111773","Young, Theresa Wagner","927212"
"1729","91880558","Zafoot, Michael A","927424"
"1730","91042018","Zaide, Richard O","981231"
"1731","91058046","Zanders, Cleveland L","927236"
"1732","91067063","Zawadzki, Joseph Francis","689743"
"1733","91259935","Zelmer, Richard","927284"
"1734","91215714","Zuk, Wilfred Anthony Harvey","980990"
